,Coord_X,Coord_Y,Description
Alkaran,140.9299651,-208.5344416,"Alkaran est un continent de mythes et de légendes, où chaque vallée et chaque montagne semble abriter une histoire oubliée. Le nord est dominé par des montagnes abruptes, couvertes de forêts de taïga où des créatures ancestrales rôdent parmi les arbres millénaires. Ces forêts sont réputées pour être le lieu de vie des Wyrms de Givre, d'anciens dragons des glaces qui ne se réveillent que lorsque les hivers sont les plus rigoureux, transformant les terres en un véritable enfer gelé. Plus au sud, les vastes plaines de Galadrin sont le foyer de clans nomades, qui vivent en symbiose avec les Griffons Dorés qui peuplent les cieux. Ces plaines se terminent brusquement par des falaises abruptes surplombant la mer d'Alkaran, où les vagues viennent s'écraser avec une violence inouïe, sculptant la pierre depuis des millénaires. Les légendes parlent d'une cité perdue, L'Arche de Glace, enfouie sous la plus haute montagne, où les Éternels d'Alkaran auraient autrefois résidé, maintenant endormis, attendant le jour où ils se réveilleront pour reconquérir le monde."
Azoria,191.5972908,359.4401266,"Azoria, le Continent des Glaces Éternelles, est une terre désolée et majestueuse où la neige et la glace dominent. Ce vaste désert de glace s’étend à perte de vue, interrompu seulement par d’imposantes chaînes de montagnes aux sommets recouverts de neiges éternelles. Les habitants d’Azoria sont rares, vivant dans des forteresses de glace sculptées par des techniques ancestrales transmises de génération en génération. On raconte que sous la glace, profondément enfouies, se trouvent les Cités des Anciens, bâties par une civilisation disparue qui aurait maîtrisé la magie du froid. Les vents glacés qui soufflent à travers les plaines d’Azoria portent les échos d’anciennes incantations, et les rares explorateurs qui osent s’aventurer dans ces terres reviennent souvent transformés, murmurant des mots dans une langue oubliée. Au sud, la grande mer de glace abrite d’énormes créatures marines, les Leviathans des Abysses, qui se réveillent parfois pour dévorer les navires qui osent défier l’océan gelé."
Baelor,39.39837442,219.4096656,"L'île de Baelor est l'un des plus grands mystères d'Hybelior. Connue sous le nom de L'Île Fantôme, elle est presque toujours dissimulée par un épais brouillard argenté. Les rares marins qui ont réussi à accoster sur ses rivages racontent des histoires d'une forêt étrange, où les arbres semblent être faits de cristal, leurs feuilles vibrant avec une musique éthérée. Ces bois sont dits être le domaine des Vaporae, des esprits de la brume qui se déplacent avec le vent, jouant des mélodies anciennes pour tromper les voyageurs et les perdre à jamais dans leur labyrinthe cristallin. Au cœur de l'île se trouve La Source de l'Éternité, un lac noir comme l'obsidienne, où il est dit que boire une goutte confère l'immortalité, mais au prix de sa propre âme. Les érudits pensent que Baelor pourrait être une ancienne relique des temps avant la grande fracture du monde, une pièce de l'ancien puzzle des divinités perdues."
Celethor,-78.69608663,-357.7503719,"Celethor, le Continent des Neiges Éternelles, est une terre gelée où l’hiver règne en maître. Le nord est dominé par un désert de glace, où le soleil ne se lève que rarement, laissant place à des nuits interminables illuminées par des aurores boréales aux couleurs spectaculaires. Cette région est la demeure des Veilleurs de Givre, des êtres semi-divins capables de modeler la glace à leur volonté, et dont la tâche est de maintenir l'équilibre entre les forces de la nature.

Plus au sud, la taïga s'étend, offrant un contraste saisissant avec les étendues de glace du nord. Cette forêt est habitée par des clans nomades, les Fils de l’Hiver, qui vivent en communion avec les loups géants et les ours polaires, vénérant La Mère des Glaces, une divinité locale qui, selon les légendes, aurait façonné le continent en une nuit d’hiver.

Les montagnes de Thalendil abritent les Forteresses Cachées, des cités souterraines sculptées dans la glace et la pierre, où une civilisation isolée a prospéré, développant des arts magiques uniques basés sur la manipulation de la lumière et des cristaux de glace. Celethor est une terre où la beauté austère des paysages ne doit pas tromper, car la vie y est une lutte constante contre les éléments, et seuls les plus sages et les plus endurants peuvent espérer y survivre."
Cendara,-379.6255793,269.7850794,"Cendara, surnommée L'Île de Feu et de Cendres, est un archipel volcanique actif, constitué d'une grande île principale et d'une plus petite. Le cœur de Cendara est dominé par le Mont Cendra, un volcan massif qui entre fréquemment en éruption, projetant des rivières de lave incandescente et des colonnes de fumée noire qui s'élèvent vers le ciel. Les éruptions régulières ont façonné l'île en créant des paysages spectaculaires faits de terrains basaltiques, de cavernes de lave et de plages de sable noir. Les habitants de Cendara, connus sous le nom de Forgerons du Feu, ont appris à vivre en harmonie avec les caprices du volcan, utilisant la chaleur et les minéraux pour forger des armes et des objets d’une rare qualité, imprégnés du pouvoir brut de la terre.

La plus petite île, Ilnara, est couverte de forêts tropicales denses qui contrastent avec le paysage aride de la grande île. Ces forêts abritent des créatures mythiques, comme les Phénix de Feu, qui sont attirés par la chaleur du volcan et dont les plumes incandescentes sont très prisées par les alchimistes. Ilnara est également le siège du Temple des Flammes Éternelles, un lieu de culte où les prêtres vénèrent le feu primordial, croyant qu'il est à la fois la force de destruction et de création.

Cendara est une terre de défis, où les habitants doivent constamment s’adapter aux éruptions volcaniques, mais c’est aussi une terre de grande beauté, où la puissance de la nature est visible à chaque coin de rue. Les anciens prophétisent que le jour où le Mont Cendra entrera dans sa plus grande éruption, l'île tout entière pourrait se transformer, révélant des secrets enfouis sous la lave depuis des millénaires."
Cestra,-468.2009574,-461.4715778,"Cestra, surnommée Le Bastion du Nord, est un continent recouvert de vastes étendues de toundra et de glaciers massifs. C'est un territoire rude et inhospitalier où seuls les plus forts survivent. Les montagnes de glace, presque impénétrables, forment une barrière naturelle protégeant l'intérieur du continent. Dans ces montagnes, les Gardiens de Givre, des esprits anciens incarnés sous forme de golems de glace, veillent sur des sanctuaires enfouis sous la neige, où le temps semble s’être arrêté.

Au sud de Cestra, la toundra s'étend à perte de vue, un paysage morne parsemé de lacs gelés et de quelques rares forêts de conifères. Ces régions sont habitées par les Chamanes des Brumes, des hommes et des femmes capables de communiquer avec les esprits de la glace et du vent, guidant les âmes perdues à travers les tempêtes glaciales. Ces chamanes sont les gardiens des Pierres Runique de Lune, des monolithes anciens inscrits de runes qui brillent sous la lumière de la pleine lune, révélant des cartes et des chemins oubliés."
Endora,171.5755592,41.80180766,"Endora, surnommé Le Continent des Contrastes, est une terre où les extrêmes se côtoient, offrant une diversité à la fois fascinante et dangereuse. À l’ouest, les vastes déserts de sable et de roche forment une mer aride, où les tempêtes de sable sont si puissantes qu’elles sculptent des dunes mouvantes qui cachent les Cités des Sables, des oasis fortifiées bâties par une ancienne civilisation qui vénérait le soleil. Ces cités sont réputées pour leurs labyrinthes souterrains, où des trésors inestimables sont gardés par des esprits de pierre.

Au centre du continent, les plaines verdoyantes de Valmera s’étendent à perte de vue, où les Chevaucheurs des Vents, une tribu nomade, élèvent des montures ailées pour parcourir ces étendues infinies. Ces plaines, bien qu’apaisantes à première vue, sont aussi le terrain de jeu des Kholorns, des géants de pierre qui émergent des montagnes environnantes pour protéger les secrets enfouis sous la terre.

À l’est, la jungle tropicale d’Esperia déploie son manteau de verdure, abritant une faune et une flore aussi belles que dangereuses. Cette région est traversée par des rivières sinueuses, où les anciennes cités perdues d’Endora, maintenant envahies par la végétation, racontent l’histoire d’une civilisation qui maîtrisait l’art des glyphes magiques gravés sur les arbres. Ces glyphes, selon les rumeurs, seraient la clé pour comprendre la langue des arbres et découvrir les secrets de la vie éternelle."
Evertia,-457.9054499,146.3144518,"Evertia, surnommée L'Île aux Merveilles, est un paradis terrestre aux yeux du monde. Ce continent insulaire est renommé pour sa qualité de vie exceptionnelle, où les arbres fruitiers abondent, les terres sont cultivées à perte de vue, et les animaux sont élevés en plein air dans des conditions idéales. Les habitants d'Evertia jouissent d'une longévité incomparable grâce à une médecine avancée, tirant parti des innombrables plantes médicinales et des créatures fantastiques qui peuplent l'île.

Cependant, derrière cette façade idyllique se cache une réalité bien plus sombre. Les créatures magnifiques qui habitent les forêts denses et les montagnes escarpées d’Evertia sont aussi dangereuses que précieuses. Leur sang, réputé pour ses vertus curatives extraordinaires, est un trésor convoité par des braconniers et des trafiquants, faisant d’Evertia un lieu de convoitise et de danger. Malgré ses prétentions de neutralité, le pays est farouchement protecteur de ses frontières. Les étrangers qui osent mettre pied sur l’île sans invitation officielle sont capturés et emprisonnés dans les souterrains labyrinthiques de l'île, d’où ils ne ressortent jamais. Les rumeurs disent que ces captifs finissent en esclavage ou, pire, sont donnés en pâture aux bêtes sauvages pour apaiser leur appétit.

Evertia est dirigée par une impératrice aimée de son peuple pour sa sagesse et sa bienveillance, mais crainte par les nations étrangères pour sa politique impitoyable envers les intrus. Elle gouverne aux côtés de son époux, un roi dévoué, et de ses trois enfants : un fils aîné âgé de 15 ans, destiné à prendre la relève, et deux jumelles de huit ans, aussi mystérieuses qu'enjouées.

La richesse d'Evertia repose sur ses sous-sols regorgeant de pierres précieuses – diamants, saphirs, émeraudes, et rubis – qui sont échangées avec d'autres nations contre des tissus luxueux. La capitale, Caëspia, est un joyau caché, entourée d'un labyrinthe naturel et surplombée par un château majestueux au sommet d'une immense cascade. La cloche gigantesque située au centre de l'île résonne en cas d'alerte rouge, signalant aux habitants de se préparer à défendre leur paradis. Mais derrière cette façade prospère et paisible, des murmures de rébellion se font entendre parmi les esclaves des souterrains, menaçant la stabilité de cet empire insulaire."
Galenor,-299.9762444,-155.6161182,"Galenor est souvent surnommé Le Jardin des Titans. C’est un continent béni par une diversité naturelle sans pareille, chaque région semblant être façonnée par une divinité différente. Les terres du nord, où s'étendent les forêts épaisses de taïga, sont habitées par les Gardiens Sylvestres, des entités géantes de bois et de pierre qui veillent sur l'équilibre des écosystèmes. À l'ouest, les montagnes de Voldenor cachent d'anciennes citadelles, bâties par les premiers habitants du continent, qui maîtrisaient l’art de canaliser la puissance des volcans endormis. Les plaines du centre, parsemées de rivières d’or liquide, sont réputées pour leurs herbes dorées qui peuvent guérir les maladies les plus graves, mais qui fanent immédiatement une fois cueillies. Le sud du continent, couvert de savanes, est le territoire des Khalorins, des cavaliers nomades qui montent des créatures gigantesques et qui croient que les étoiles tombent parfois du ciel pour donner naissance à des armes divines, cachées dans les dunes mouvantes. Galenor est une terre où chaque pas peut révéler un secret millénaire, une légende à écrire."
Iltahra,-253.3387198,131.012269,"Ilthara, connu sous le nom de Le Berceau de la Magie, est un continent imprégné d’un pouvoir ancien qui suinte du sol et des arbres. Les forêts tropicales denses, où chaque plante semble avoir une conscience propre, abritent des créatures fantastiques et des esprits de la nature qui veillent sur l’équilibre de la vie. Au centre du continent se trouve le Lac des Rêves, une étendue d’eau magique où les rêves des vivants et des morts se rejoignent, permettant à ceux qui s’y baignent de plonger dans les mystères de l’inconscient. Les montagnes d’Ilthara sont riches en cristaux magiques, utilisés par les sorciers et les mages pour leurs incantations. Ces montagnes abritent également les Dragons d’Aube, des créatures vénérées qui sont considérées comme les gardiens de la magie primordiale. Au sud, les marécages de Noyrath sont des lieux où le voile entre les mondes est mince, permettant parfois à des entités d’autres dimensions de traverser. Les habitants d’Ilthara sont réputés pour leur maîtrise des arcanes, et chaque village a son propre mage qui protège les secrets de la magie locale."
Nysaria,192.6701498,-406.5573576,"Nysaria, surnommée La Forêt de l’Éternel Hiver, est une petite île entièrement recouverte par un épais manteau de taïga. Les arbres, hauts et robustes, semblent toucher les cieux, leurs branches recouvertes de neige en permanence. Cette île est un royaume de silence, où chaque son est étouffé par la neige, et où le froid mordant est omniprésent. Au cœur de Nysaria se trouve le Cœur de Givre, une ancienne source gelée que les légendes disent être la demeure d’un esprit ancien, le Gardien des Glaces, qui protège l’île des intrus. Les rares habitants de Nysaria sont des ermites et des druides, qui vivent en harmonie avec la nature sauvage et qui sont connus pour leur sagesse et leur capacité à communier avec les esprits de la forêt. Les rumeurs racontent que la taïga de Nysaria cache des trésors de savoirs anciens, mais seuls les plus courageux osent braver le froid et les créatures qui y vivent pour les découvrir."
Onara,363.7829684,73.94423233,"Onara, connu sous le nom de Le Royaume des Vents et des Glaces, est un continent dominé par des plaines tempérées vastes et des étendues de taïga au nord. Ces plaines sont fertiles, parsemées de collines douces et de rivières serpentant à travers les prairies, ce qui en fait une région idéale pour l'agriculture et l’élevage. Les Clans de la Plaine qui peuplent ces terres sont célèbres pour leur habileté à dompter les chevaux sauvages et pour leurs gigantesques rassemblements de clans lors des Foires des Vents, où se négocient tout, des biens aux alliances politiques.

Le nord du continent est dominé par la taïga, une forêt froide et dense où les hivers sont longs et rigoureux. Cette région abrite les Chasseurs de la Glace, des tribus nomades qui suivent les migrations des grandes hardes d’animaux et vivent en harmonie avec les cycles naturels. Les forêts de taïga sont également connues pour leurs Cerfs Fantômes, des créatures éthérées qui apparaissent seulement lors des nuits de pleine lune, guidant les âmes perdues vers la lumière.

Les montagnes au centre de Onara, les Pics des Vents Hurlants, sont une chaîne de sommets imposants où les tempêtes sont fréquentes. Ces montagnes sont entourées de légendes parlant d’une ancienne civilisation qui aurait maîtrisé le pouvoir du vent, créant des Orbes d'Ouragan, des artefacts capables de contrôler le climat. Les explorateurs qui s’aventurent dans ces montagnes espèrent découvrir ces artefacts, bien que peu reviennent pour raconter leur histoire."
Ulinor,-24.38473987,104.1812234,"Ulinor, appelé L’Île des Échos, est un continent insulaire composé d’une grande île principale et de deux petites îles satellites, une au nord et une au sud. Le paysage d’Ulinor est diversifié, avec des forêts tropicales à l’ouest, des plaines arides au centre, et des montagnes escarpées à l’est. La grande île est réputée pour son Grand Canyon de l'Écho, une faille gigantesque où les sons résonnent à travers les parois rocheuses, créant des échos infinis qui ont donné leur nom à l'île. Ce canyon est considéré comme un lieu sacré, et les tribus locales viennent y méditer, croyant que les échos sont les voix des anciens dieux.

Au nord, la petite île de Nylor est un havre de paix, recouverte de forêts tempérées et habitée par des créatures mystiques qui protègent les sanctuaires cachés dans les bois. Cette île est également le foyer des Druides de l'Écho, qui maîtrisent l’art ancien de la résonance et sont capables d'utiliser les échos pour communiquer avec la nature ou même pour influencer les esprits.

Au sud, l'île de Serenth est un lieu plus sauvage, dominé par des montagnes et des falaises abruptes qui plongent dans la mer. Les marins craignent ces côtes, où les courants traîtres et les tempêtes soudaines rendent la navigation périlleuse. Toutefois, ceux qui osent s'aventurer ici peuvent découvrir les Grottes de Cristal, des cavernes scintillantes cachées sous les montagnes, où des cristaux résonnants peuvent amplifier la magie, mais aussi la détruire."
